{"cameraMode":{"drawMode":0,"name":"Shaded","section":"Shading Mode"},"sceneLighting":true,"audioPlay":false,"sceneViewState":{"showFog":true,"showMaterialUpdate":false,"showSkybox":true,"showFlares":true,"showImageEffects":true,"showParticleSystems":true},"in2DMode":false,"pivot":{"x":-1.6038446426391602,"y":-1.045736312866211,"z":2.2946062088012697},"rotation":{"x":-0.5416602492332459,"y":0.006288731005042791,"z":-0.003912803251296282,"w":-0.8406200408935547},"size":35.14898681640625,"orthographic":true}