{"cameraMode":{"drawMode":0,"name":"Shaded","section":"Shading Mode"},"sceneLighting":true,"audioPlay":false,"sceneViewState":{"showFog":true,"showMaterialUpdate":false,"showSkybox":true,"showFlares":true,"showImageEffects":true,"showParticleSystems":true},"in2DMode":false,"pivot":{"x":-2.0073230266571047,"y":-1.4605165719985963,"z":5.026740550994873},"rotation":{"x":-0.7395837903022766,"y":0.045300744473934177,"z":-0.049848660826683047,"w":-0.669753909111023},"size":19.833576202392579,"orthographic":true}